subject,stem,optionA,optionB,optionC,optionD,correctAnswer,difficulty,year,source,bankTitle,,,,,
math,"If x+y=7 and xy=10, then x³+y³ equals?",133,217,343,189,133,medium,2024,practice,Combined Set 1,,,,,
math,The value of sin 75° is?,(√6+√2)/4,(√3+1)/2,(√6−√2)/4,√3/2,(√6+√2)/4,hard,2024,practice,Combined Set 1,,,,,
math,"If f(x)=x²+ax+b has minimum value −4 at x=1, then (a,b) equals?","(−2,-3)","(-2,-5)","(2,-5)","(2,3)","(-2,-5)",hard,2024,practice,Combined Set 1,,,,,IUT Admission Math Bank
math,The determinant of |2 1 3;1 0 2;4 1 6| equals?,0,1,2,-1,0,hard,2024,practice,Combined Set 1,,,,,
math,"If log₃(x−1)=2, then x equals?",7,10,4,9,10,medium,2024,practice,Combined Set 1,,,,,
math,The equation |x−3|+|x+1|=8 has solutions?,"                 x=1,2",                x=5.-1,"                x=5,-3","                x=3,1 ","                x=5,-1",hard,2024,practice,Combined Set 1,,,,,IUT Admission Math Bank
math,"If tan θ + sec θ = 2, then sin θ equals?",3/5,4/5,5/13,12/13,3/5,hard,2024,practice,Combined Set 1,,,,,
math,The number of real solutions of x⁴−5x²+4=0 is?,2,4,1,0,4,medium,2024,practice,Combined Set 1,,,,,
math,"If A={1,2,3,4}, number of relations from A to A is?",16,256,65536,24,65536,hard,2024,practice,Combined Set 1,,,,,
math,"The equation of the circle with diameter joining (1,2) and (3,4) is?",x²+y²−4x−6y+13=0,x²+y²−4x−6y+9=0,x²+y²−4x−6y+10=0,x²+y²−2x−2y+5=0,x²+y²−4x−6y+10=0,hard,2024,practice,Combined Set 1,,,,,
math,"If α and β are roots of x²−5x+6=0, then α²+β² equals?",25,13,7,11,13,medium,2024,practice,Combined Set 1,,,,,
math,The value of lim x→0 (sin 3x)/(sin 5x) equals?,3/5,5/3,1,0,3/5,medium,2024,practice,Combined Set 1,,,,,
math,"If nC2 + nC3 = 55, then n equals?",10,11,12,9,11,hard,2024,practice,Combined Set 1,,,,,
math,The slope of the tangent to y=x³−3x at x=1 is?,0,3,-3,6,0,medium,2024,practice,Combined Set 1,,,,,
math,"If z=2+3i, then |z| equals?",√13,5,13,√5,√13,easy,2024,practice,Combined Set 1,,,,,
math,The number of diagonals in a decagon is?,35,40,45,50,,medium,2024,practice,Combined Set 1,,,,,
math,"If logₐb = 2 and logᵦc = 3, then logₐc equals?",5,6,8,9,6,medium,2024,practice,Combined Set 1,,,,,
math,The area bounded by y=x² and y=4 is?,16/3,8/3,32/3,4,32/3,hard,2024,practice,Combined Set 1,,,,,
math,"If sec θ − tan θ = 1, then sec θ + tan θ equals?",1,2,3,4,1,hard,2024,practice,Combined Set 1,,,,,
math,"If f'(x)=3x²−6x and f(0)=5, then f(2) equals?",1,3,5,9,1,hard,2024,practice,Combined Set 1,,,,,
math,"The locus of a point equidistant from (2,3) and (−2,1) is?",x+y=2,x−y=1,2x+y=5,x+2y=4,x+y=2,medium,2024,practice,Combined Set 1,,,,,
math,"If the mean of first n natural numbers is 20, then n equals?",39,40,41,42,39,medium,2024,practice,Combined Set 1,,,,,
math,The value of i⁵⁷ is?,i,−i,1,-1,i,easy,2024,practice,Combined Set 1,,,,,
math,"If sin θ = 3/5 and θ is acute, then cos θ equals?",4/5,5/4,√(16/25),3/4,4/5,medium,2024,practice,Combined Set 1,,,,,
math,The sum of roots of x²−(k+1)x+k=0 is 6. Find k.,4,5,6,7,5,hard,2024,practice,Combined Set 1,,,,,
math,The number of subsets of a set having 5 elements is?,16,25,32,64,32,easy,2024,practice,Combined Set 1,,,,,
math,"If |x−2|<3, then x lies in?","                (−1,5)","                (-5,1)","                  (1,5)","                 (-3,3)","                 (-1,5)",medium,2024,practice,Combined Set 1,,,,,IUT Admission Math Bank
math,The value of cos 36° is?,(√5+1)/4,(√5−1)/4,√3/2,1/2,(√5+1)/4,hard,2024,practice,Combined Set 1,,,,,
math,The condition for quadratic ax²+bx+c=0 to have equal roots is?,b²=4ac,b²>4ac,b²<4ac,a=0,b²=4ac,medium,2024,practice,Combined Set 1,,,,,
math,"If A and B are independent events, then P(A∩B) equals?",P(A)+P(B),P(A)−P(B),P(A)P(B),1−P(A)P(B),P(A)P(B),medium,2024,practice,Combined Set 1,,,,,
math,The derivative of e^(2x) is?,e²ˣ,2e²ˣ,eˣ,2eˣ,2e²ˣ,medium,2024,practice,Combined Set 1,,,,,
math,The value of ∫₀¹ x² dx is?,1/2,1/3,1/4,2/3,1/3,medium,2024,practice,Combined Set 1,,,,,
math,"If the roots of ax²+bx+c=0 are reciprocal, then?",a=b,c=a,a=c,b=0,a=c,hard,2024,practice,Combined Set 1,,,,,
math,"The distance between (1,−2) and (−2,2) is?",4,5,√17,√20,5,medium,2024,practice,Combined Set 1,,,,,
phy,Which law explains inertia?,First law,Second law,Third law,Law of gravitation,First law,easy,2024,practice,Combined Set 1,,,,,
phy,SI unit of force is?,Newton,Joule,Watt,Pascal,Newton,easy,2024,practice,Combined Set 1,,,,,
phy,Dimension of pressure is?,ML⁻¹T⁻²,MLT⁻²,M²LT⁻²,ML²T⁻²,ML⁻¹T⁻²,medium,2024,practice,Combined Set 1,,,,,
phy,Work done in circular motion is?,Maximum,Minimum,Zero,Infinite,Zero,medium,2024,practice,Combined Set 1,,,,,
phy,Which quantity is scalar?,Velocity,Acceleration,Force,Energy,Energy,easy,2024,practice,Combined Set 1,,,,,
phy,Escape velocity depends on?,Mass only,Radius only,Both mass and radius,Neither,Both mass and radius,medium,2024,practice,Combined Set 1,,,,,
phy,Unit of gravitational constant G is?,Nm²kg⁻²,Nkg²m⁻²,Nmkg⁻¹,Nkg⁻¹m²,Nm²kg⁻²,hard,2024,practice,Combined Set 1,,,,,
phy,Time period of simple pendulum depends on?,Mass,Amplitude,Length,Material,Length,medium,2024,practice,Combined Set 1,,,,,
phy,Which has maximum inertia?,Car,Ball,Truck,Bicycle,Truck,easy,2024,practice,Combined Set 1,,,,,
phy,Momentum unit is?,kgms⁻¹,Ns,Joule,Both A and B,Both A and B,medium,2024,practice,Combined Set 1,,,,,
phy,"If velocity doubles, kinetic energy becomes?",Double,Triple,Four times,Half,Four times,easy,2024,practice,Combined Set 1,,,,,
phy,Centripetal force acts?,Outward,Along velocity,Towards center,Opposite motion,Towards center,easy,2024,practice,Combined Set 1,,,,,
phy,Which wave requires medium?,Light,Radio,Sound,X-ray,Sound,easy,2024,practice,Combined Set 1,,,,,
phy,Speed of light in vacuum is?,3×10⁶,3×10⁸,3×10¹⁰,3×10⁴,3×10⁸,easy,2024,practice,Combined Set 1,,,,,
phy,Ohm’s law relates?,V=IR,I=R/V,V=IC,I=CVR,V=IR,easy,2024,practice,Combined Set 1,,,,,
phy,SI unit of resistance?,Ohm,Ampere,Volt,Watt,Ohm,easy,2024,practice,Combined Set 1,,,,,
phy,Which is a non-renewable energy?,Solar,Wind,Coal,Hydro,Coal,easy,2024,practice,Combined Set 1,,,,,
phy,Magnetic field unit is?,Tesla,Weber,Ampere,Newton,Tesla,easy,2024,practice,Combined Set 1,,,,,
phy,Power formula is?,VI,V/I,I/V,V²I,VI,easy,2024,practice,Combined Set 1,,,,,
phy,"If frequency increases, wavelength?",Increases,Decreases,Same,Zero,Decreases,medium,2024,practice,Combined Set 1,,,,,
phy,Convex lens focal length is?,Positive,Negative,Zero,Infinite,Positive,easy,2024,practice,Combined Set 1,,,,,
phy,Image formed at focus is?,Real,Virtual,Infinite,Same size,Infinite,medium,2024,practice,Combined Set 1,,,,,
phy,Which is transverse wave?,Sound,Light,Water flow,Heat,Light,easy,2024,practice,Combined Set 1,,,,,
phy,Unit of electric charge?,Coulomb,Volt,Ampere,Ohm,Coulomb,easy,2024,practice,Combined Set 1,,,,,
phy,Transformer works on?,AC,DC,Both,None,AC,easy,2024,practice,Combined Set 1,,,,,
phy,Which has maximum refractive index?,Air,Water,Glass,Diamond,Diamond,easy,2024,practice,Combined Set 1,,,,,
phy,Photon has mass?,Zero,Positive,Negative,Variable,Zero,easy,2024,practice,Combined Set 1,,,,,
phy,Nuclear fission releases?,Energy,Mass,Charge,None,Energy,easy,2024,practice,Combined Set 1,,,,,
phy,Which ray has highest penetration?,Alpha,Beta,Gamma,X-ray,Gamma,easy,2024,practice,Combined Set 1,,,,,
phy,Half-life depends on?,Temperature,Pressure,External field,Nature of nucleus,Nature of nucleus,medium,2024,practice,Combined Set 1,,,,,
chem,Which quantum number determines orbital shape?,Principal,Azimuthal,Magnetic,Spin,Azimuthal,medium,2024,practice,Combined Set 1,,,,,
chem,Maximum electrons in p-subshell?,2,4,6,8,6,easy,2024,practice,Combined Set 1,,,,,
chem,Which has highest ionization energy?,Na,Mg,Al,Si,Si,medium,2024,practice,Combined Set 1,,,,,
chem,Hybridization of carbon in ethyne is?,sp³,sp²,sp,none,sp,medium,2024,practice,Combined Set 1,,,,,
chem,pH of pure water at 25°C is?,5,6,7,8,7,easy,2024,practice,Combined Set 1,,,,,
chem,Strongest acid among following?,HCl,HNO₃,H₂SO₄,HF,H₂SO₄,medium,2024,practice,Combined Set 1,,,,,
chem,Which is NOT a buffer?,NH₄Cl + NH₄OH,CH₃COOH + CH₃COONa,NaCl + HCl,H₂CO₃ + NaHCO₃,NaCl + HCl,hard,2024,practice,Combined Set 1,,,,,
chem,Rate of reaction depends on?,Temperature,Concentration,Catalyst,All,All,easy,2024,practice,Combined Set 1,,,,,
chem,Unit of rate constant for first order reaction?,s⁻¹,Ms⁻¹,M⁻¹s⁻¹,s,s⁻¹,medium,2024,practice,Combined Set 1,,,,,
chem,Which is reducing agent?,KMnO₄,H₂O₂,Cl₂,O₂,H₂O₂,medium,2024,practice,Combined Set 1,,,,,
chem,Oxidation number of S in H₂SO₄?,+4,+6,+2,0,+6,easy,2024,practice,Combined Set 1,,,,,
chem,Which metal is extracted by electrolysis?,Iron,Copper,Aluminium,Zinc,Aluminium,easy,2024,practice,Combined Set 1,,,,,
chem,Anode in galvanic cell undergoes?,Reduction,Oxidation,Neutralization,Hydrolysis,Oxidation,medium,2024,practice,Combined Set 1,,,,,
chem,Which has highest boiling point?,CH₄,C₂H₆,C₃H₈,C₄H₁₀,C₄H₁₀,easy,2024,practice,Combined Set 1,,,,,
chem,Functional group of alcohol is?,–COOH,–CHO,–OH,–NH₂,–OH,easy,2024,practice,Combined Set 1,,,,,
chem,Which gives positive iodoform test?,Methanol,Ethanol,Propanol,Butanol,Ethanol,medium,2024,practice,Combined Set 1,,,,,
chem,Glucose is?,Ketose,Aldose,Disaccharide,Polysaccharide,Aldose,medium,2024,practice,Combined Set 1,,,,,
chem,"Nylon-6,6 is?",Addition polymer,Condensation polymer,Copolymer,None,Condensation polymer,easy,2024,practice,Combined Set 1,,,,,
chem,Which gas causes acid rain?,CO₂,SO₂,O₂,N₂,SO₂,easy,2024,practice,Combined Set 1,,,,,
chem,Ozone depletion is caused by?,CO₂,CFC,SO₂,NO₂,CFC,medium,2024,practice,Combined Set 1,,,,,
eng,Choose the correct synonym of 'ABATE',Increase,Intensify,Subside,Aggravate,Subside,hard,2024,practice,Combined Set 1,,,,,
eng,Choose the antonym of 'LUCID',Clear,Bright,Confusing,Transparent,Confusing,hard,2024,practice,Combined Set 1,,,,,
eng,He is senior ___ me.,than,to,from,with,to,hard,2024,practice,Combined Set 1,,,,,
eng,Choose the correct sentence.,Neither of the boys are guilty.,Neither of the boys is guilty.,Neither boys are guilty.,Neither boys is guilty.,Neither of the boys is guilty.,hard,2024,practice,Combined Set 1,,,,,
eng,Identify the correct passive form: 'They are repairing the road.',The road is repaired.,The road has been repaired.,The road is being repaired.,The road was repaired.,The road is being repaired.,hard,2024,practice,Combined Set 1,,,,,
eng,Choose the correct meaning of 'OBSCURE',Clear,Difficult to understand,Famous,Simple,Difficult to understand,hard,2024,practice,Combined Set 1,,,,,
eng,She speaks English ___ than her sister.,more fluently,most fluently,very fluently,fluently,more fluently,hard,2024,practice,Combined Set 1,,,,,
eng,Correct spelling?,Accomodate,Acommodate,Accommodate,Acomodate,Accommodate,hard,2024,practice,Combined Set 1,,,,,
eng,Identify the error: 'He insisted to go there.',He,insisted,to go,there,to go,hard,2024,practice,Combined Set 1,,,,,
eng,Choose the correct preposition: 'He is fond ___ music.',in,of,for,on,of,hard,2024,practice,Combined Set 1,,,,,
eng,The train arrived ___ time.,in,on,at,by,on,hard,2024,practice,Combined Set 1,,,,,
eng,Choose the correct article: '___ honest man is respected.',A,An,The,No article,An,hard,2024,practice,Combined Set 1,,,,,
eng,Meaning of 'RED HERRING',Important clue,False lead,Serious problem,Warning,False lead,hard,2024,practice,Combined Set 1,,,,,
eng,He would have passed if he ___ harder.,studies,studied,had studied,has studied,had studied,hard,2024,practice,Combined Set 1,,,,,
eng,Choose the correct word: 'She is capable ___ doing it.',to,for,of,with,of,hard,2024,practice,Combined Set 1,,,,,